,Brand,Color,Storage,Rating,Screen_size,Battery,Price
0,realme,Champion Gold,64,4.6,6.74,5000,"₹10,999"
1,realme,Champion Black,64,,6.74,5000,"₹10,999"
2,vivo,Marine Blue,128,4.4,6.58,5000,"₹13,999"
3,vivo,Glimmer Black,128,4.4,6.58,5000,"₹13,999"
4,vivo,Marine Blue,128,4.3,6.58,5000,"₹15,999"
5,vivo,Aurora Gold,128,4.3,6.58,5000,"₹15,999"
6,vivo,Glimmer Black,128,4.3,6.58,5000,"₹15,999"
7,vivo,Aurora Gold,128,4.4,6.58,5000,"₹12,999"
8,vivo,Glimmer Black,128,4.4,6.58,5000,"₹12,999"
9,vivo,Marine Blue,128,4.4,6.58,5000,"₹12,999"
10,MOTOROLA,Atlantic Green,64,4.2,6.47,5000,"₹11,849"
11,OnePlus,Blue Tide,128,4.4,6.59,5000,"₹17,585"
12,MOTOROLA,Mineral Gray,128,4.1,6.5,5000,"₹11,999"
13,SAMSUNG,Waterfall Blue,128,4.3,6.6,6000,"₹11,999"
14,vivo,Aurora Gold,128,4.4,6.58,5000,"₹13,999"
15,POCO,Power Black,64,4.2,6.58,5000,"₹10,999"
16,APPLE,Midnight,128,4.6,6.1,,"₹68,999"
17,POCO,Power Black,128,4.2,6.58,5000,"₹12,999"
18,MOTOROLA,Frosted Blue,128,4.1,6.55,5000,"₹15,499"
19,SAMSUNG,Light Green,64,4.1,6.5,5000,"₹10,701"
20,SAMSUNG,Dark Blue,64,4.1,6.5,5000,"₹10,701"
21,POCO,Jaguar Black,128,4.1,6.67,5000,"₹18,999"
22,POCO,Cool Blue,128,4.2,6.58,5000,"₹12,999"
23,REDMI,Peppy Purple,128,4.4,6.58,5000,"₹10,999"
24,POCO,Yellow,64,4.2,6.58,5000,"₹10,999"
25,vivo,Nitro Blaze,128,4.4,6.38,4500,"₹20,999"
26,vivo,Nitro Blaze,128,4.4,6.38,4500,"₹18,999"
27,vivo,Velocity Wave,128,4.4,6.38,4500,"₹18,999"
28,SAMSUNG,GOAT Green,128,4.2,6.6,6000,"₹14,990"
29,vivo,Velocity Wave,128,4.4,6.38,4500,"₹20,999"
30,OnePlus,Black Dusk,128,4.4,6.59,5000,"₹17,564"
31,REDMI,Flashy Black,128,4.4,6.58,5000,"₹10,999"
32,APPLE,Purple,128,4.6,6.1,,"₹68,999"
33,POCO,Cool Blue,128,4.2,6.43,5000,"₹13,999"
34,MOTOROLA,Midnight Gray,128,4.1,6.55,5000,"₹15,499"
35,SAMSUNG,Aqua Blue,128,4.3,6.6,5000,"₹16,999"
36,APPLE,Starlight,128,4.6,6.1,,"₹68,999"
37,SAMSUNG,Sunrise Copper,128,4.3,6.6,6000,"₹11,999"
38,SAMSUNG,Copper Blush,128,4.3,6.6,5000,"₹16,999"
39,SAMSUNG,Forest Green,128,4.3,6.6,5000,"₹16,999"
40,MOTOROLA,Nebula Green,256,4.2,6.55,4400,"₹29,999"
41,MOTOROLA,Midnight Gray,128,4.1,,5000,"₹16,499"
42,SAMSUNG,Nightsky Green,64,4.3,6.6,6000,"₹10,999"
43,REDMI,Playful Green,128,4.4,6.58,5000,"₹10,999"
44,MOTOROLA,Midnight Blue,128,3.9,6.5,5000,"₹16,999"
45,POCO,Wildcat Blue,128,4.1,6.67,5000,"₹18,999"
46,SAMSUNG,Sunrise Copper,64,4.3,6.6,6000,"₹10,999"
47,SAMSUNG,,128,4.2,6.6,6000,"₹14,990"
48,realme,Rainforest,128,4.4,6.72,5000,"₹13,999"
49,POCO,Wildcat Blue,128,4.1,6.67,5000,"₹18,999"
50,realme,Rainforest,64,4.3,6.72,5000,"₹11,999"
51,realme,Rainforest,64,4.4,6.72,5000,"₹10,999"
52,SAMSUNG,Sunrise Copper,64,4.3,6.6,6000,"₹10,999"
53,SAMSUNG,Nightsky Green,64,4.3,6.6,6000,"₹10,999"
54,SAMSUNG,Waterfall Blue,64,4.3,6.6,6000,"₹10,999"
55,POCO,Cool Blue,64,4.2,6.58,5000,"₹10,999"
56,MOTOROLA,Lucent White,128,3.9,6.5,5000,"₹16,999"
57,realme,Rainy Night,128,4.4,6.72,5000,"₹13,999"
58,realme,Sunshower,128,4.4,6.72,5000,"₹13,999"
59,realme,Sunshower,64,4.4,6.72,5000,"₹10,999"
60,realme,Rainy Night,64,4.4,6.72,5000,"₹10,999"
61,POCO,Astral Black,256,4.3,6.67,5000,"₹24,999"
62,realme,Dark Matter,128,4.3,6.72,5000,"₹19,999"
63,SAMSUNG,GOAT Green,128,4.2,6.6,6000,"₹14,990"
64,SAMSUNG,Aqua Blue,128,4.3,6.6,5000,"₹16,999"
65,SAMSUNG,OMG Black,128,4.2,6.6,6000,"₹14,990"
66,POCO,Horizon Blue,256,4.3,6.67,5000,"₹24,999"
67,Infinix,Aurora Blue,128,4.2,6.78,6000,"₹13,499"
68,POCO,Supernova Green,128,4.1,6.67,5000,"₹18,999"
69,SAMSUNG,,128,4.2,6.6,6000,"₹14,990"
70,IQOO,Stellar Green,128,4.3,6.68,5000,"₹15,149"
71,APPLE,Midnight,128,4.7,6.1,,"₹59,999"
72,Infinix,Sunset Gold,256,4.2,6.78,5000,"₹15,999"
73,realme,Sunshower,64,4.3,6.72,5000,"₹11,999"
74,realme,Rainy Night,64,4.3,6.72,5000,"₹11,999"
75,POCO,Jaguar Black,256,4.1,6.67,5000,"₹20,999"
76,realme,Hyperspace,128,4.3,6.72,5000,"₹19,999"
77,realme,Hyperspace,128,4.3,6.72,5000,"₹18,999"
78,realme,Nebula Blue,128,4.3,6.72,5000,"₹18,999"
79,realme,Nebula Blue,128,4.3,6.72,5000,"₹19,999"
80,POCO,Yellow,128,4.2,6.43,5000,"₹13,999"
81,POCO,Supernova Green,128,4.1,6.67,5000,"₹18,999"
82,POCO,Yellow,256,4.3,6.67,5000,"₹24,999"
83,Infinix,Aurora Blue,128,4.2,6.78,6000,"₹13,499"
84,REDMI,Lunar Black,64,4.1,6.67,5000,"₹13,999"
85,SAMSUNG,Nightsky Green,128,4.3,6.6,6000,"₹11,999"
86,REDMI,Frosted Green,128,4.1,6.67,5000,"₹18,999"
87,Infinix,Interstellar Blue,128,,6.78,5000,"₹14,999"
88,POCO,Wildcat Blue,256,4.1,6.67,5000,"₹20,999"
89,realme,Dark Matter,128,4.3,6.72,5000,"₹18,999"
90,realme,Prime Black,128,4.3,6.72,5000,"₹13,310"
91,POCO,Supernova Green,256,4.1,6.67,5000,"₹20,999"
92,REDMI,Matte Black,128,4.1,6.67,5000,"₹18,999"
93,realme,Prime Blue,128,4.3,6.72,5000,"₹13,750"
94,Infinix,Aurora Blue,128,4.2,6.78,6000,"₹12,499"
95,APPLE,Blue,128,4.6,6.1,,"₹68,999"
96,REDMI,Sunrise Gold,64,4.1,6.67,5000,"₹13,999"
97,REDMI,Mystique Blue,128,4.1,6.67,5000,"₹18,999"
98,realme,Feather Black,128,4.2,6.74,5000,"₹12,020"
99,REDMI,Frosted Green,128,4,6.67,5000,"₹16,999"
100,REDMI,Mystique Blue,128,4,6.67,5000,"₹16,999"
101,APPLE,Midnight,128,4.7,6.1,,"₹59,999"
102,realme,Sunrise Beige,256,4.3,6.7,5000,"₹24,999"
103,REDMI,Matte Black,256,4.1,6.67,5000,"₹20,999"
104,REDMI,Matte Black,128,4,6.67,5000,"₹16,999"
105,REDMI,Stealth Black,256,4.2,6.6,5080,"₹23,999"
106,IQOO,Stellar Green,128,4.3,6.68,5000,"₹15,149"
107,Google,Charcoal,128,4.3,6.14,4410,"₹27,999"
108,REDMI,Mint Green,128,4.1,6.71,5000,"₹10,699"
109,MOTOROLA,Eclipse Black,256,4.2,6.55,4400,"₹29,999"
110,APPLE,Starlight,128,4.7,6.1,,"₹59,999"
111,REDMI,Mystique Blue,256,4.1,6.67,5000,"₹20,999"
112,realme,Rush Black,64,4.2,6.4,5000,"₹12,499"
113,realme,Astral Black,128,4.3,6.7,5000,"₹23,999"
114,realme,Oasis Green,256,4.3,6.7,5000,"₹29,999"
115,Google,Chalk,128,4.3,6.14,4410,"₹27,999"
116,REDMI,Stardust Purple,128,4.2,6.67,5000,"₹24,999"
117,REDMI,Glacier Blue,128,4.2,6.67,5000,"₹23,999"
118,realme,Night Sea,128,4.4,6.5,5000,"₹10,499"
119,Infinix,Blaster Green,64,4.2,6.6,5000,"₹11,499"
120,Infinix,Blaster Green,64,4.2,6.6,5000,"₹11,499"
121,Infinix,Interstellar Blue,128,4.1,6.78,5000,"₹14,999"
122,REDMI,Glacier Blue,256,4.2,6.67,5000,"₹26,999"
123,realme,Clash White,128,4.3,6.4,5000,"₹15,499"
124,realme,Rush Black,64,4.2,6.4,5000,"₹12,499"
125,REDMI,Stardust Purple,128,4.2,6.67,5000,"₹24,999"
126,APPLE,Green,128,4.7,6.1,,"₹59,999"
127,realme,Astral Black,128,4.3,6.7,5000,"₹23,999"
128,REDMI,Mint Green,128,4.1,6.71,5000,"₹10,699"
129,OnePlus,Sonic Black,128,4.5,6.7,5000,"₹39,870"
130,POCO,Laser Black,128,4.2,6.67,5000,"₹17,999"
131,realme,Oasis Green,256,4.3,6.7,5000,"₹29,999"
132,POCO,Yellow,128,4.2,6.58,5000,"₹12,999"
133,REDMI,Onyx Black,128,4.2,6.67,5000,"₹23,999"
134,realme,Soulful Blue,64,4.5,6.6,5000,"₹14,999"
135,REDMI,Quick Silver,256,4.2,6.6,5080,"₹23,999"
136,SAMSUNG,,128,4.2,6.6,6000,"₹17,890"
137,SAMSUNG,GOAT Green,128,4.2,6.6,6000,"₹13,990"
138,REDMI,Frosted Green,256,4.1,6.67,5000,"₹20,999"
139,realme,Soulful Blue,128,4.3,6.6,5000,"₹16,999"
140,realme,Astral Black,256,4.3,6.7,5000,"₹24,999"
141,realme,Sunrise Beige,128,4.3,6.7,5000,"₹23,999"
142,realme,Night Sea,128,4.4,6.5,5000,"₹10,499"
143,SAMSUNG,Emerald Brown,128,4.2,6.6,6000,"₹17,625"
144,realme,Clash White,64,4.2,6.4,5000,"₹12,499"
145,MOTOROLA,Polar Blue,128,4.1,6.55,5000,"₹15,999"
146,REDMI,Stardust Purple,128,4.2,6.67,5000,"₹23,999"
147,SAMSUNG,Cloud Navy,128,4.2,6.5,4500,"₹27,149"
148,MOTOROLA,Meterorite Grey,128,4.1,6.6,5000,"₹21,499"
149,REDMI,Glacier Blue,128,4.2,6.67,5000,"₹23,999"
150,realme,Sandy Gold,128,4.4,6.5,5000,"₹10,499"
151,realme,Rocking Black,64,4.5,6.6,5000,"₹14,999"
152,realme,Oasis Green,128,4.3,6.7,5000,"₹23,999"
153,Infinix,Snowfall,128,4.1,6.7,5000,"₹15,999"
154,Infinix,Force Black,128,4.1,6.7,5000,"₹15,999"
155,Infinix,Racing Black,64,4.2,6.6,5000,"₹11,499"
156,realme,Steel Black,128,4.3,6.62,5000,"₹24,999"
157,realme,Paper White,128,4.3,6.62,5000,"₹24,999"
158,APPLE,Blue,128,4.7,6.1,,"₹59,999"
159,SAMSUNG,OMG Black,128,4.2,6.6,6000,"₹13,990"
160,realme,Aqua Blue,128,4.4,6.5,5000,"₹10,499"
161,realme,Sunrise Beige,256,4.2,6.7,5000,"₹27,999"
162,OnePlus,Sonic Black,256,4.5,6.7,5000,"₹44,623"
163,SAMSUNG,,128,4.2,6.6,6000,"₹13,990"
164,realme,Astral Black,256,4.3,6.7,5000,"₹29,999"
165,realme,Oasis Green,256,4.3,6.7,5000,"₹27,999"
166,realme,Sunrise Beige,256,4.3,6.7,5000,"₹29,999"
167,realme,Sunrise Beige,256,4.3,6.7,5000,"₹29,999"
168,APPLE,Pink,128,4.7,6.1,,"₹59,999"
169,REDMI,,128,4.1,6.71,5000,"₹10,220"
170,MOTOROLA,Polar Blue,128,4.1,6.55,5000,"₹15,999"
171,realme,Rocking Black,64,4.5,6.6,5000,"₹14,999"
172,REDMI,Frosted Green,256,4.1,6.67,5000,"₹20,999"
173,REDMI,Glacier Blue,128,4.2,6.67,5000,"₹24,999"
174,Infinix,Coral Orange,256,4,6.78,5000,"₹16,999"
175,Infinix,Pearly White,256,4,6.78,5000,"₹16,999"
176,POCO,Snowstorm White,256,4.3,6.67,5000,"₹29,999"
177,OPPO,Glowing Blue,128,4.3,6.56,5000,"₹17,837"
178,APPLE,Starlight,64,4.3,4.7,,"₹32,699"
179,REDMI,Iceberg Blue,256,4.2,6.67,4980,"₹29,999"
180,REDMI,Stardust Purple,256,4.2,6.67,5000,"₹26,999"
181,OPPO,Lake Blue,64,4.3,6.56,5000,"₹12,499"
182,realme,Metallica Gold,128,4.3,6.6,5000,"₹16,999"
183,realme,Rocking Black,128,4.3,6.6,5000,"₹16,999"
184,REDMI,Flashy Black,64,4.3,6.58,5000,"₹10,440"
185,realme,Metallica Gold,64,4.5,6.6,5000,"₹14,999"
186,OnePlus,Gray Shadow,128,4.4,6.7,4500,"₹28,977"
187,REDMI,Lunar Black,128,4.1,6.67,5000,"₹15,999"
188,SAMSUNG,Emerald Brown,128,4.2,6.6,6000,"₹17,625"
189,realme,Feather Black,64,4.3,6.74,5000,"₹10,145"
190,REDMI,Onyx Black,256,4.2,6.67,5000,"₹26,999"
191,SAMSUNG,,128,4.2,6.6,6000,"₹13,990"
192,realme,Feather Black,64,4.3,6.74,5000,"₹10,145"
193,REDMI,,128,4.1,6.71,5000,"₹10,220"
194,MOTOROLA,Meteor Grey,128,4.1,6.55,4020,"₹24,999"
195,SAMSUNG,Emarld Brown,128,4.2,6.6,6000,"₹16,480"
196,vivo,Magic Blue,128,4.4,,4600,"₹32,999"
197,OnePlus,Sonic Black,128,4.5,6.7,5000,"₹39,900"
198,OnePlus,Galactic Silver,128,4.5,6.7,5000,"₹39,944"
199,SAMSUNG,Midnight Blue,128,4.2,6.6,6000,"₹13,990"
200,POCO,Snowstorm White,256,4.3,6.67,5000,"₹29,999"
201,MOTOROLA,Meteorite Grey,128,4.1,6.55,5000,"₹15,999"
202,REDMI,Pacific Blue,128,4.2,6.7,6000,"₹10,999"
203,REDMI,Obsidian Black,256,4.2,6.67,4980,"₹29,999"
204,OnePlus,Forest Green,128,4.3,6.7,5000,"₹30,780"
205,Infinix,Knight Black,128,4.2,6.78,6000,"₹13,499"
206,REDMI,Onyx Black,256,4.2,6.67,5000,"₹26,999"
207,Infinix,Blaster Green,128,4.1,6.6,5000,"₹13,499"
208,realme,Feather Gold,64,4.3,6.74,5000,"₹10,179"
209,REDMI,Phantom Black,64,4.2,6.5,6000,"₹11,478"
210,SAMSUNG,,128,4.2,6.6,6000,"₹16,990"
211,POCO,Steel Blue,64,4.5,6.18,4000,"₹12,299"
212,OPPO,Midnight Black,64,4.3,6.56,5000,"₹12,499"
213,realme,Hyperspace,128,4.4,6.7,5000,"₹23,999"
214,realme,Nebula Blue,128,4.4,6.7,5000,"₹23,999"
215,vivo,Stellar Black,128,4.3,6.51,5000,"₹12,899"
216,OPPO,Sunlight Orange,64,4.3,6.56,5000,"₹12,499"
217,POCO,Carbon Black,256,4.3,6.67,5000,"₹29,999"
218,APPLE,Midnight,64,4.3,4.7,,"₹32,699"
219,REDMI,Playful Green,64,4.3,6.58,5000,"₹10,949"
220,OPPO,Glowing Black,128,4.3,6.56,5000,"₹18,130"
221,SAMSUNG,Midnight Blue,64,4.1,6.5,5000,"₹13,199"
222,Infinix,Knight Black,128,,6.78,6000,"₹13,499"
223,vivo,Stellar Black,128,4.3,6.51,5000,"₹12,899"
224,APPLE,Yellow,128,4.6,6.1,,"₹68,999"
225,realme,Hyperspace,128,4.4,6.7,5000,"₹22,999"
226,realme,Nebula Blue,128,4.4,6.7,5000,"₹22,999"
227,realme,Dark Matter,128,4.4,6.7,5000,"₹22,999"
228,realme,Dark Matter,128,4.4,6.7,5000,"₹23,999"
229,REDMI,Thunder Black,64,4.2,6.58,5000,"₹14,190"
230,REDMI,Thunder Black,128,4.2,6.58,5000,"₹15,248"
231,OnePlus,Gray Shadow,128,4.4,6.7,4500,"₹28,993"
232,REDMI,Iceberg Blue,256,4.2,6.67,4980,"₹32,999"
233,Infinix,Magic Black,128,,6.78,5000,"₹14,999"
234,realme,Prime Blue,64,4.2,6.72,5000,"₹11,505"
235,Infinix,Green Fantasy,128,4.2,6.7,4500,"₹15,999"
236,Infinix,DEEP GRAY,128,4.2,6.7,4500,"₹15,999"
237,vivo,Midday Dream,128,4.3,6.58,5000,"₹18,990"
238,vivo,Mirror Black,128,4.3,6.58,5000,"₹15,716"
239,realme,Oxygen Green,128,4.4,6.5,6000,"₹11,142"
240,realme,Oxygen Green,128,4.4,6.5,6000,"₹11,142"
241,Infinix,Volcanic Grey,256,4.2,6.7,5000,"₹16,999"
242,REDMI,Sporty Orange,128,4.2,6.7,6000,"₹12,465"
243,REDMI,Arctic White,256,4.2,6.67,4980,"₹32,999"
244,OPPO,Lake Blue,64,4.3,6.56,5000,"₹11,895"
245,vivo,Metaverse Green,128,4.3,6.55,5000,"₹14,499"
246,MOTOROLA,Meteorite Grey,64,4.2,6.4,5000,"₹11,999"
247,vivo,Starlit Blue,128,4.3,6.55,5000,"₹14,499"
248,Infinix,Glitter Gold,128,4.2,6.7,4500,"₹15,999"
249,REDMI,Onyx Black,128,4.2,6.67,5000,"₹24,999"
250,MOTOROLA,Atlantic Green,64,4.2,6.47,5000,"₹10,948"
251,realme,Speed Blue,128,4.3,6.6,5000,"₹12,999"
252,OnePlus,Sierra Black,128,4.3,6.7,5000,"₹30,298"
253,MOTOROLA,Interstellar Black,256,4.3,6.67,4610,"₹49,999"
254,OPPO,Glossy Purple,256,,6.7,4600,"₹39,999"
255,OPPO,Silvery Grey,256,4.3,6.7,4600,"₹39,999"
256,vivo,Starlit Blue,128,4.3,6.55,5000,"₹15,499"
257,OPPO,Starlight Black,128,4.2,6.43,4500,"₹21,998"
258,REDMI,Bifrost Blue,64,4.3,6.43,5000,"₹11,499"
259,OnePlus,Forest Green,128,4.3,6.7,5000,"₹30,778"
260,POCO,Carbon Black,256,4.2,6.67,5000,"₹33,999"
261,Nothing,White,512,4.4,6.7,4700,"₹54,999"
262,IQOO,Stellar Green,128,4.2,6.68,5000,"₹15,995"
263,MOTOROLA,Cosmic grey,128,4.3,6.55,4400,"₹34,999"
264,Infinix,Interstellar Blue,256,4.2,6.78,5000,"₹15,999"
265,Infinix,Magic Black,256,4.2,6.78,5000,"₹15,999"
266,realme,Oxygen Green,128,4.4,6.5,6000,"₹11,142"
267,SAMSUNG,Awesome Black,256,4.1,6.5,5000,"₹33,990"
268,Infinix,Force Black,64,4.2,6.7,5000,"₹10,999"
269,vivo,Elegant Black,256,4.2,6.44,4500,"₹27,990"
270,POCO,Snowstorm White,256,4.2,6.67,5000,"₹33,999"
271,OPPO,Lake Blue,64,4.3,6.56,5000,"₹11,895"
272,Nothing,White,512,4.4,6.7,4700,"₹54,999"
273,APPLE,,64,4.3,4.7,,"₹32,699"
274,Infinix,DEEP GRAY,128,4.2,6.7,4500,"₹15,999"
275,Infinix,Green Fantasy,128,4.2,6.7,4500,"₹15,999"
276,vivo,Surfing Blue,256,4.2,6.44,4500,"₹28,990"
277,realme,Speed Blue,128,4.3,6.6,5000,"₹12,999"
278,vivo,Surfing Blue,128,4.3,6.44,4500,"₹25,499"
279,realme,Prime Blue,64,4.2,6.72,5000,"₹11,505"
280,REDMI,Arctic White,256,4.2,6.67,4980,"₹32,999"
281,SAMSUNG,Bronze,32,4.1,6.5,5000,"₹10,498"
282,REDMI,Peppy Purple,64,4.3,6.58,5000,"₹10,490"
283,Tecno,Starry Black,128,4.1,6.78,5000,"₹12,990"
284,REDMI,Polar White,64,4.1,6.43,5000,"₹13,819"
285,REDMI,Horizon Blue,64,4.2,6.43,5000,"₹14,400"
286,IQOO,Interstellar Black,256,4.4,6.78,5000,"₹34,589"
287,Infinix,Glitter Gold,128,4.2,6.7,4500,"₹15,999"
288,IQOO,Frost Blue,128,4.4,6.78,5000,"₹29,990"
289,SAMSUNG,Stardust Brown,64,4.2,6.6,6000,"₹11,299"
290,POCO,Carbon Black,256,4.2,6.67,5000,"₹33,999"
291,APPLE,Starlight,128,4.3,4.7,,"₹37,999"
292,Tecno,Dark Welkin,128,4.2,6.67,5000,"₹20,399"
293,REDMI,Onyx Black,128,4.2,6.67,5000,"₹24,999"
294,vivo,Steller Black,128,4.3,6.51,5000,"₹16,999"
295,REDMI,Caribbean Green,128,4.2,6.7,6000,"₹10,999"
296,APPLE,White,64,4.6,6.1,,"₹41,999"
297,vivo,Steller Black,64,4.3,6.51,5000,"₹11,999"
298,REDMI,Obsidian Black,256,4.2,6.67,4980,"₹32,999"
299,REDMI,Horizon Blue,64,4.1,6.43,5000,"₹13,990"
300,SAMSUNG,Smoky Teal,128,4.2,6.6,6000,"₹15,249"
301,MOTOROLA,Cosmic Black,64,3.8,6.5,5000,"₹10,999"
302,Google,Obsidian,128,4.3,6.3,4270,"₹49,999"
303,Google,Snow,128,4.3,6.3,4270,"₹49,999"
304,vivo,Starry Sky,128,4.5,6.44,5000,"₹14,499"
305,SAMSUNG,Light Green,128,4.1,6.5,5000,"₹10,680"
306,OnePlus,Jade Fog,128,4.4,6.7,4500,"₹28,295"
307,IQOO,Stellar Green,128,4.2,6.68,5000,"₹15,995"
308,IQOO,Mystic Night,128,4.2,6.68,5000,"₹15,995"
309,vivo,Steller Black,64,4.2,6.51,5000,"₹10,999"
310,vivo,Drizzling Gold,64,4.2,6.51,5000,"₹10,499"
311,SAMSUNG,Awesome Violet,128,4.2,6.4,5000,"₹38,999"
312,SAMSUNG,Light Blue,128,3.8,6.6,5000,"₹23,998"
313,REDMI,Royal Blue,128,4.1,6.71,5000,"₹10,718"
314,vivo,Starry Sky,128,4.3,6.44,5000,"₹17,999"
315,vivo,Midnight Galaxy,128,4.3,6.44,5000,"₹17,999"
316,realme,Oasis Green,256,4.3,6.7,5000,"₹24,999"
317,Nothing,Dark Grey,512,4.4,6.7,4700,"₹54,999"
318,Nothing,Dark Grey,128,4.5,6.7,4700,"₹44,999"
319,Nothing,White,256,4.4,6.7,4700,"₹49,999"
320,Nothing,Dark Grey,256,4.4,6.7,4700,"₹49,999"
321,APPLE,Black,128,4.6,6.1,,"₹44,999"
322,OnePlus,Forest Green,256,4.2,6.7,5000,"₹35,980"
323,Mi,Vinyl Black,128,4.2,6.55,4250,"₹17,499"
324,Google,Sea,128,4,6.1,4300,"₹43,999"
325,Google,Charcoal,128,4,6.1,4300,"₹43,999"
326,Google,Lemongrass,128,4.3,6.3,4270,"₹49,999"
327,SAMSUNG,Cloud Lavender,128,4.2,6.5,4500,"₹28,240"
328,APPLE,White,128,4.6,6.1,,"₹44,999"
329,vivo,Drizzling Gold,64,4.3,6.51,5000,"₹11,999"
330,vivo,Starlit Blue,64,4.3,6.55,5000,"₹14,499"
331,MOTOROLA,Starlight White,256,4.3,6.67,4610,"₹49,999"
332,vivo,Starry Sky,128,4.4,6.44,5000,"₹15,999"
333,vivo,Black Engine,128,4.2,6.58,5000,"₹19,999"
334,Tecno,Meta Blue,128,3.9,6.6,5000,"₹10,099"
335,vivo,Midnight Galaxy,128,4.5,6.44,5000,"₹14,499"
336,APPLE,Black,64,4.6,6.1,,"₹40,999"
337,vivo,Black Engine,128,4.2,6.58,5000,"₹17,999"
338,Xiaomi,Noir Black,256,4.2,6.73,4600,"₹44,999"
339,Google,Snow,128,4,6.1,4300,"₹43,999"
340,vivo,Cosmic Black,256,4.4,6.78,4700,"₹59,890"
341,OPPO,Sunset Orange,128,4.3,6.56,5000,"₹16,499"
342,SAMSUNG,Emerald Brown,128,4.2,6.59,6000,"₹16,990"
343,realme,Speed Black,128,4.3,6.6,5000,"₹12,999"
344,SAMSUNG,Opal Green,64,4.2,6.5,5000,"₹10,340"
345,APPLE,Starlight,128,4.7,6.7,,"₹76,999"
346,Infinix,Submariner Black,256,4,6.78,5000,"₹16,999"
347,vivo,Orange Shimmer,128,4.2,6.58,5000,"₹19,999"
348,Infinix,Snowfall,64,4.2,6.7,5000,"₹14,999"
349,SAMSUNG,Phantom Black,128,4.5,6.6,4500,"₹49,999"
350,OPPO,Navy Blue,64,4.5,6.56,5000,"₹10,099"
351,OnePlus,Gray Shadow,128,4.4,6.7,4500,"₹28,999"
352,Infinix,Tuscany Blue,256,4.2,6.7,5000,"₹16,999"
353,Xiaomi,Diamond Dazzle,128,4.2,6.55,4250,"₹22,899"
354,SAMSUNG,Cloud Lavender,128,4,6.5,4500,"₹27,589"
355,SAMSUNG,Awesome Violet,128,4.2,6.6,5000,"₹30,999"
356,realme,Prime Black,64,4.2,6.72,5000,"₹11,622"
357,MOTOROLA,Baby Blue,128,4.1,6.4,5000,"₹12,999"
358,realme,Meteor Black,64,4.5,6.5,5000,"₹13,499"
359,realme,Oxygen Blue,64,4.4,6.5,6000,"₹11,499"
360,MOTOROLA,Cosmic grey,128,4.3,6.55,4400,"₹34,999"
361,OPPO,Cool Black,256,4.3,6.72,5000,"₹24,490"
362,APPLE,Midnight,128,4.7,6.7,,"₹76,999"
363,REDMI,Power Black,128,4.2,6.7,6000,"₹12,799"
364,OPPO,Starry Black,128,4.3,6.56,5000,"₹16,499"
365,REDMI,Meadow Green,64,4.2,6.58,5000,"₹14,290"
366,REDMI,Royal Blue,6,3.3,6.71,5000,"₹11,539"
367,SAMSUNG,Graphite,128,4.3,6.4,4500,"₹39,999"
368,vivo,Sailing Blue,128,4.3,6.56,4830,"₹28,480"
369,SAMSUNG,Aqua Green,64,4.2,6.6,6000,"₹10,897"
370,Infinix,Magic Black,128,4.1,6.78,5000,"₹14,999"
371,vivo,Elegant Black,128,4.3,6.44,4500,"₹25,490"
372,Infinix,Force Black,64,4.2,6.7,5000,"₹14,999"
373,APPLE,Starlight,256,4.3,4.7,,"₹46,599"
374,realme,Paper White,256,4.4,6.62,5000,"₹28,999"
375,APPLE,Midnight,256,4.6,6.1,,"₹78,999"
376,vivo,Metal Black,256,4.4,6.38,4500,"₹25,999"
377,vivo,Twilight Gold,256,4.4,6.38,4500,"₹25,999"
378,Tecno,Meta White,128,4.2,6.6,5000,"₹13,999"
379,SAMSUNG,Silver,64,3.9,6.6,5000,"₹13,999"
380,SAMSUNG,Black,64,3.9,6.6,5000,"₹13,999"
381,OnePlus,Galactic Silver,256,4.5,6.7,5000,"₹44,600"
382,IQOO,Mystic Night,128,4.3,6.68,5000,"₹15,999"
383,OnePlus,Titan Black,256,4.5,6.7,5000,"₹61,900"
384,vivo,Turbo Black,128,4.4,6.44,4700,"₹23,999"
385,SAMSUNG,Olive Green,128,4.3,6.4,4500,"₹39,999"
386,Tecno,,128,,6.6,5000,"₹11,699"
387,OnePlus,Eternal Green,256,4.5,6.7,5000,"₹61,879"
388,OnePlus,Titan Black,256,4.5,6.7,5000,"₹61,900"
389,OnePlus,Eternal Green,128,4.4,6.7,5000,"₹53,990"
390,SAMSUNG,Black,64,4.2,6.5,5000,"₹12,499"
391,realme,Pearl White,64,4.5,6.4,4000,"₹16,930"
392,SAMSUNG,Awesome Violet,128,4.2,6.4,5000,"₹38,999"
393,Google,Snow,128,4.4,6.7,4926,"₹70,999"
394,Google,Obsidian,128,4.4,6.7,4926,"₹70,999"
395,SAMSUNG,Green,256,4.3,6.8,5000,"₹85,999"
396,SAMSUNG,Black,128,4,6.6,5000,"₹17,999"
397,vivo,Starlit Blue,64,4.3,6.55,5000,"₹14,499"
398,vivo,Dancing waves,128,4.3,6.44,4050,"₹19,990"
399,vivo,Agate Black,128,4.4,6.58,5000,"₹16,999"
400,MOTOROLA,Iceberg Blue,64,3.8,6.5,5000,"₹11,099"
401,APPLE,Midnight,256,4.6,6.1,,"₹78,999"
402,SAMSUNG,Awesome Violet,256,4.2,6.6,5000,"₹32,999"
403,OPPO,Glossy Purple,256,,6.74,4700,"₹54,999"
404,vivo,Midnight Blue,128,4.4,6.58,5000,"₹15,499"
405,APPLE,Midnight,128,4.7,6.7,,"₹76,999"
406,vivo,Steller Black,32,4.2,6.51,5000,"₹10,999"
407,vivo,Drizzling Gold,128,4.3,6.51,5000,"₹16,999"
408,SAMSUNG,Midnight Blue,64,4.2,6.6,6000,"₹10,975"
409,REDMI,Polar White,128,4.2,6.43,5000,"₹17,400"
410,REDMI,Aurora Blue,128,4.3,6.67,5020,"₹14,990"
411,IQOO,Stellar Green,64,4.2,6.68,5000,"₹14,290"
412,Google,Snow,128,4.4,6.7,4926,"₹70,999"
413,APPLE,Blue,128,4.7,6.7,,"₹76,999"
414,Google,Obsidian,128,4.4,6.7,4926,"₹70,999"
415,MOTOROLA,Solar Gold,128,4.3,6.55,4400,"₹34,999"
416,vivo,Drizzling Gold,32,4.2,6.51,5000,"₹12,989"
417,OnePlus,Jade Fog,128,4.4,6.7,4500,"₹27,999"
418,SAMSUNG,Midnight Blue,128,4.2,6.5,5000,"₹14,400"
419,OPPO,Silvery Grey,256,4.4,6.74,4700,"₹54,999"
420,IQOO,Norway Blue,128,4.4,6.38,4500,"₹19,230"
421,Tecno,Meta Black,128,3.9,6.6,5000,"₹10,299"
422,vivo,Ice Dawn,128,4.4,6.44,5000,"₹17,279"
423,vivo,Moonlight Shadow,128,4.3,6.44,4050,"₹19,990"
424,REDMI,CHARCOAL BLACK,128,4,6.53,5000,"₹10,390"
425,vivo,Orange Shimmer,128,4.2,6.58,5000,"₹17,999"
426,IQOO,Mystic Night,64,4.2,6.68,5000,"₹14,990"
427,REDMI,Horizon Blue,128,4.1,6.43,5000,"₹15,485"
428,realme,Pearl Blue,128,4.5,6.4,4000,"₹19,925"
429,Tecno,,128,4.6,6.6,5000,"₹11,699"
430,Mi,Vinyl Black,128,4.2,6.55,4250,"₹21,999"
431,SAMSUNG,Black,64,4.2,6.5,5000,"₹12,499"
432,IQOO,Norway Blue,128,4.3,6.4,4500,"₹20,230"
433,Mi,Lunar White,128,4.2,6.67,4520,"₹22,499"
434,realme,Oxygen Blue,128,4.4,6.5,6000,"₹12,999"
435,realme,Azure Glow,128,4.3,6.6,5000,"₹17,999"
436,Google,Hazel,128,4.4,6.7,4926,"₹70,999"
437,REDMI,Matte Black,128,4.1,6.71,5000,"₹10,929"
438,Infinix,Genesis Noir,256,4.1,6.8,4500,"₹29,999"
439,Redmi,Carbon Black,64,4.2,6.53,5000,"₹10,290"
440,vivo,Pure Black,128,4.3,6.56,4830,"₹35,999"
441,vivo,sailing blue,128,4.3,6.56,4830,"₹29,545"
442,Xiaomi,Diamond Dazzle,128,4.2,6.55,4250,"₹22,899"
443,OnePlus,Aquamarine Green,256,3.3,6.55,4500,"₹32,990"
444,Tecno,Meta Blue,128,3.9,6.6,5000,"₹10,099"
445,Xiaomi,Jazz Blue,128,4.2,6.55,4250,"₹22,800"
446,Infinix,Haze Green,64,4.3,6.95,5000,"₹13,999"
447,Xiaomi,Tuscany Coral,128,4.2,6.55,4250,"₹20,990"
448,Xiaomi,Diamond Dazzle,128,4.2,6.55,4250,"₹20,990"
449,REDMI,Cosmic Purple,64,4.4,6.43,5000,"₹16,999"
450,Redmi,Sporty Orange,64,4.2,6.53,5000,"₹10,280"
451,SAMSUNG,White,128,4.3,6.4,4500,"₹39,999"
452,SAMSUNG,Aqua Green,64,4.1,6.5,5000,"₹13,499"
453,IQOO,Stellar Green,128,4.2,6.68,5000,"₹14,990"
454,SAMSUNG,Black,128,4,6.5,5000,"₹11,450"
455,APPLE,Yellow,256,4.6,6.1,,"₹78,999"
456,vivo,Sailing Blue,256,4.3,6.56,4830,"₹36,890"
457,MOTOROLA,White Lily,128,4.1,6.6,5000,"₹21,499"
458,APPLE,,128,4.7,6.7,,"₹76,999"
459,OnePlus,Forest Green,256,4.2,6.7,5000,"₹35,980"
460,REDMI,Space Black,128,4.2,6.43,5000,"₹15,980"
461,REDMI,Polar White,128,4.1,6.43,5000,"₹20,999"
462,SAMSUNG,Dark Blue,128,4.1,6.5,5000,"₹10,380"
463,OPPO,Navy Blue,64,4.5,6.56,5000,"₹10,099"
464,SAMSUNG,Dark Red,128,4,6.6,5000,"₹17,999"
465,realme,Prism Blue,64,4.5,6.6,5000,"₹11,999"
466,REDMI,Polar White,128,4.2,6.43,5000,"₹17,400"
467,vivo,Pacific Blue,128,4.3,6.38,4500,"₹23,999"
468,realme,Watery Blue,128,4.4,6.5,6000,"₹11,599"
469,REDMI,Space Black,64,4.1,6.43,5000,"₹14,990"
470,SAMSUNG,Black,64,3.9,6.6,5000,"₹13,999"
471,REDMI,Sunrise Gold,128,4.1,6.67,5000,"₹15,999"
472,MOTOROLA,Baby Blue,128,4.1,6.4,5000,"₹12,999"
473,SAMSUNG,Mystique Green,128,4.2,6.6,6000,"₹17,315"
474,realme,Prism Blue,128,4.5,6.6,5000,"₹14,499"
475,vivo,Garden Green,128,5,6.64,5000,"₹14,999"
476,Tecno,Meta White,128,4.2,6.6,5000,"₹13,999"
477,REDMI,Royal Blue,64,4.2,6.71,5000,"₹12,599"
478,OnePlus,Prime Blue,128,4.3,6.7,5000,"₹30,749"
479,REDMI,Glacier White,128,4.3,6.67,5020,"₹14,890"
480,OnePlus,Marble Odyssey,256,4.5,6.7,5000,"₹63,990"
481,OnePlus,Tempest Gray,256,4,6.74,5000,"₹37,675"
482,OnePlus,Misty Green,256,4,6.74,5000,"₹37,814"
483,REDMI,Horizon Blue,128,4.2,6.43,5000,"₹16,180"
484,SAMSUNG,Midnight Blue,64,4.2,6.6,6000,"₹10,988"
485,realme,Space Black,64,4.5,6.6,5000,"₹11,499"
486,Infinix,Genesis Noir,256,4.1,6.8,4500,"₹29,999"
487,APPLE,,256,4.3,4.7,,"₹46,599"
488,vivo,Pacific Blue,128,4.3,6.38,4500,"₹23,999"
489,SAMSUNG,Dark Red,128,4,6.6,5000,"₹17,999"
490,realme,Steel Black,256,4.4,6.62,5000,"₹28,999"
491,Tecno,Serenity Blue,128,4.2,6.67,5000,"₹19,200"
492,POCO,Cool Blue,128,4.2,6.6,5000,"₹18,999"
493,SAMSUNG,Aqua Green,64,4.1,6.5,5000,"₹13,499"
494,Tecno,Meta White,64,4.3,6.6,50000,"₹11,967"
495,OnePlus,Prime Blue,128,4.3,6.7,5000,"₹29,999"
496,APPLE,Yellow,256,4.6,6.1,,"₹78,999"
497,SAMSUNG,Forest Green,128,4.2,6.6,5000,"₹15,999"
498,OnePlus,Sonic Black,256,4.5,6.7,5000,"₹44,778"
499,realme,Azure Glow,128,4.3,6.6,5000,"₹17,999"
500,Tecno,Meta Black,64,4.3,6.6,50000,"₹12,898"
501,vivo,Twilight Gold,128,4.3,6.38,4500,"₹23,999"
502,APPLE,Starlight,256,4.6,6.1,,"₹78,999"
503,REDMI,Space Black,128,4.1,6.43,5000,"₹16,999"
504,SAMSUNG,Phantom Black,512,4.5,6.6,4700,"₹1,04,999"
505,OPPO,Glowing Black,64,4.4,6.56,5000,"₹13,999"
506,SAMSUNG,Awesome Graphite,256,4.2,6.4,5000,"₹40,999"
507,MOTOROLA,White Lily,128,4.1,6.6,5000,"₹21,499"
508,Tecno,Meta Blue,128,4.6,6.6,5000,"₹10,901"
509,Tecno,Meta Black,128,4.6,6.6,5000,"₹11,499"
510,SAMSUNG,Black,128,4.1,6.6,5000,"₹19,999"
511,SAMSUNG,Awesome Lime,256,4.2,6.6,5000,"₹32,999"
512,vivo,Garden Green,128,5,6.64,5000,"₹14,999"
513,REDMI,Horizon Blue,128,4.2,6.43,5000,"₹14,200"
514,APPLE,,256,4.6,6.1,,"₹78,999"
515,Nokia,MINT,64,3.7,6.52,5000,"₹10,399"
516,OnePlus,Gray Shadow,128,4.4,6.7,4500,"₹28,900"
517,SAMSUNG,Awesome Graphite,256,4.2,6.6,5000,"₹32,999"
518,vivo,Mystic Blue,64,4.2,6.51,5000,"₹11,799"
519,IQOO,,128,4.4,6.38,4500,"₹19,339"
520,vivo,Dawn Gold,128,4.4,6.58,5000,"₹16,999"
521,realme,Space Black,128,4.4,6.6,5000,"₹17,999"
522,realme,Carbon Black,64,4.3,6.5,5000,"₹10,499"
523,APPLE,Midnight,256,4.3,4.7,,"₹46,599"
524,vivo,Starlight Black,128,4.3,6.58,5000,"₹19,990"
525,vivo,Noble Black,256,4.4,,4600,"₹36,999"
526,REDMI,Fiery Red,128,4.3,6.53,6000,"₹12,990"
527,REDMI,Chrome Silver,64,3.7,6.56,5000,"₹12,500"
528,POCO,Yellow,64,4.3,6.43,5000,"₹14,999"
529,vivo,Space Blue,128,4.4,6.58,5000,"₹14,999"
530,SAMSUNG,Aqua Blue,128,4.2,6.6,5000,"₹15,999"
531,OPPO,Bold Gold,256,4.3,6.72,5000,"₹24,400"
532,vivo,Midnight Blue,128,4.4,6.58,5000,"₹15,499"
533,REDMI,Royal Blue,64,4.2,6.71,5000,"₹12,599"
534,Infinix,Horizon Blue,128,4.2,6.78,5000,"₹19,999"
535,Nothing,Black,128,4.4,6.55,4500,"₹28,999"
536,Nothing,White,256,4.4,6.55,4500,"₹30,999"
537,Nothing,Black,256,4.4,6.55,4500,"₹29,999"
538,Infinix,Mithril Grey,128,4.3,6.95,5000,"₹15,999"
539,SAMSUNG,Black,128,4,6.5,5000,"₹11,450"
540,Tecno,Summer Sunset,256,4.2,6.7,4700,"₹21,999"
541,Tecno,Pearl White,128,4.1,6.78,5000,"₹13,429"
542,SAMSUNG,Cream,512,4.5,6.6,4700,"₹1,04,999"
543,APPLE,Purple,64,4.6,6.1,,"₹53,999"
544,realme,Prism Blue,128,4.5,6.6,5000,"₹13,499"
545,OnePlus,Prime Blue,128,4.3,6.7,5000,"₹31,890"
546,Infinix,Lightsaber Green,128,4,6.6,5000,"₹12,999"
547,vivo,Magic Blue,256,4.4,6.78,4600,"₹42,999"
548,SAMSUNG,Peach,128,4.2,6.6,5000,"₹16,499"
549,OPPO,Orange,128,4,6.43,4500,"₹21,999"
550,APPLE,Blue,64,4.6,6.1,,"₹53,999"
551,Tecno,,128,4.2,6.8,5000,"₹14,479"
552,REDMI,Space Black,64,4.2,6.43,5000,"₹12,949"
553,REDMI,Horizon Blue,64,4.2,6.43,5000,"₹13,197"
554,SAMSUNG,Phantom Black,128,4.5,6.6,4500,"₹49,999"
555,SAMSUNG,Green,64,4.2,6.5,5000,"₹12,499"
556,OPPO,Sunset Orange,128,4.3,6.43,4500,"₹20,999"
557,REDMI,Chrome Silver,128,4.2,6.58,5000,"₹14,999"
558,REDMI,Meadow Green,128,4.2,6.58,5000,"₹14,999"
559,Tecno,Meta Black,128,,6.6,5000,"₹11,499"
560,Infinix,Lightsaber Green,128,4,6.6,5000,"₹12,999"
561,vivo,Obsidian Black,64,4.3,6.51,5000,"₹14,999"
562,REDMI,Starburst White,64,4.2,6.43,5000,"₹12,899"
563,Tecno,Meta Blue,128,4.6,6.6,5000,"₹10,901"
564,OPPO,Blue,64,4.5,6.56,5000,"₹10,200"
565,vivo,Sunset Dazzle,128,4.3,6.44,4000,"₹27,990"
566,Nokia,MINT,64,3.7,6.52,5000,"₹10,399"
567,OPPO,Startrails Blue,256,4.2,6.43,4500,"₹29,980"
568,OPPO,Sky Blue,64,4.2,6.56,5000,"₹15,499"
569,Tecno,Stardust Grey,256,3.6,6.8,5160,"₹36,999"
570,SAMSUNG,Cream,256,4.5,6.6,4700,"₹94,999"
571,SAMSUNG,Mystique Green,128,4,6.7,5000,"₹34,949"
572,APPLE,Blue,256,4.7,6.1,,"₹69,999"
573,realme,Prime Black,64,4.2,6.72,5000,"₹11,490"
574,POCO,Yellow,128,4.2,6.6,5000,"₹18,999"
575,APPLE,Gold,128,4.7,6.7,,"₹1,27,999"
576,vivo,Dusk Blue,128,4.3,6.44,4000,"₹27,990"
577,OPPO,Glowing Green,64,4.4,6.56,5000,"₹13,999"
578,vivo,Magic Blue,256,4.4,6.78,4600,"₹42,999"
579,vivo,Roman Black,128,4.4,6.44,4000,"₹17,990"
580,REDMI,Stealth Black,128,4.2,6.6,5080,"₹20,999"
581,SAMSUNG,Cloud Mint,128,4.2,6.5,4500,"₹27,395"
582,Tecno,Summer Sunset,256,4.2,6.7,4700,"₹21,999"
583,REDMI,Thunder Purple,64,4.3,6.43,5000,"₹13,699"
584,OPPO,Sunrise Gold,128,4.3,6.7,4800,"₹29,999"
585,SAMSUNG,Phantom Black,256,4.3,6.8,5000,"₹87,800"
586,REDMI,Space Blue,64,4.4,6.53,5020,"₹11,480"
587,OPPO,Midnight Black,128,4.3,6.7,4800,"₹29,999"
588,vivo,Sailing Blue,128,4.3,6.56,4830,"₹28,480"
589,vivo,Cosmic Grey,32,4.2,6.51,5000,"₹10,699"
590,REDMI,Mint Green,128,4.2,6.71,5000,"₹10,189"
591,MOTOROLA,Mineral Gray,64,4.2,6.5,5000,"₹10,999"
592,realme,Prism Blue,128,4.5,6.6,5000,"₹13,499"
593,REDMI,Chromium White,64,4.3,6.56,5000,"₹14,999"
594,SAMSUNG,Stardust Silver,256,4.1,6.7,6000,"₹29,999"
595,REDMI,Frost White,64,4.4,6.43,5000,"₹14,999"
596,SAMSUNG,Blue,128,4.2,6.6,5000,"₹16,999"
597,OnePlus,Gray Shadow,128,4.4,6.7,4500,"₹28,498"
598,realme,Cyber Silver,128,4.4,6.4,5000,"₹15,499"
599,realme,Cyber Black,128,4.4,6.4,5000,"₹15,499"
600,SAMSUNG,,128,4.2,6.5,5000,"₹14,690"
601,OPPO,Bold Gold,256,4.3,6.72,5000,"₹24,400"
602,SAMSUNG,Stardust Brown,64,4.1,6.5,5000,"₹14,999"
603,realme,Mystic Black,128,4.2,6.55,4500,"₹29,999"
604,realme,Midnight Black,256,4.4,6.4,4500,"₹25,999"
605,vivo,Noble Black,256,4.4,6.78,4600,"₹39,999"
606,REDMI,Astral White,128,4.2,6.5,6000,"₹14,999"
607,POCO,Cool Blue,128,4.3,6.43,5000,"₹16,499"
608,MOTOROLA,Metallic White,128,4.2,6.6,5000,"₹13,999"
609,SAMSUNG,Phantom Black,128,4.3,6.7,3300,"₹49,999"
610,realme,Cyber Black,128,4.4,6.4,5000,"₹13,499"
611,vivo,Metal Black,128,4.3,6.38,4500,"₹25,799"
612,Tecno,Tech Silver,64,4.2,6.9,7000,"₹10,644"
613,REDMI,Meadow Green,128,4.2,6.58,5000,"₹14,999"
614,REDMI,Chrome Silver,128,4.2,6.58,5000,"₹14,999"
615,Mi,Gold,64,4.2,5.99,3010,"₹17,499"
616,realme,Glacier Blue,64,4.5,6.5,5000,"₹10,999"
617,REDMI,SLATE GREY,128,4,6.53,5000,"₹10,999"
618,IQOO,Frost Blue,256,4.4,6.78,5000,"₹33,900"
619,vivo,Midnight Blue,64,4.3,6.51,5000,"₹13,980"
620,OnePlus,Sonic Black,256,4.5,6.7,5000,"₹44,778"
621,SAMSUNG,Phantom Black,128,4.5,6.6,4500,"₹49,999"
622,MOTOROLA,Satin Silver,64,4.2,6.5,5000,"₹10,999"
623,vivo,Magic Blue,256,4.4,6.78,4600,"₹39,999"
624,APPLE,Silver,128,4.7,6.1,,"₹1,20,999"
625,vivo,Elegant Black,128,,6.44,4500,"₹25,390"
626,Xiaomi,Jazz Blue,128,4.2,6.55,4250,"₹20,990"
627,vivo,Breeze Blue,256,4.4,6.78,4810,"₹59,999"
628,APPLE,Space Black,128,4.7,6.7,,"₹1,27,999"
629,Infinix,Haze Green,128,4.3,6.95,5000,"₹15,999"
630,REDMI,Frost White,128,4.2,6.43,5000,"₹18,499"
631,Mi,Gold,64,4.2,5.99,3010,"₹17,499"
632,REDMI,Astral White,64,4.2,6.5,6000,"₹11,199"
633,Tecno,Serenity Blue,256,4.2,6.67,5000,"₹21,865"
634,Tecno,Dark Welkin,256,4.2,6.67,5000,"₹21,965"
635,Tecno,Memphis Green,128,4.2,6.8,5000,"₹13,649"
636,REDMI,Polar White,128,4.1,6.43,5000,"₹15,995"
637,OnePlus,Arctic Sky,128,3.9,6.55,4500,"₹35,698"
638,POCO,Power Black,128,4.2,6.43,5000,"₹13,999"
639,Nokia,Grey,64,3.7,6.517,5000,"₹13,999"
640,REDMI,Astral White,128,4.2,6.5,6000,"₹14,999"
641,REDMI,Graphite Black,128,4.2,6.56,5000,"₹16,999"
642,vivo,Cosmic Grey,32,4.2,6.51,5000,"₹10,699"
643,SAMSUNG,Cream,256,4.5,6.6,4700,"₹94,999"
644,vivo,Stardust Black,128,4.4,6.44,4200,"₹27,899"
645,APPLE,Space Black,128,4.7,6.1,,"₹1,20,999"
646,POCO,Yellow,128,4.2,6.6,5000,"₹18,999"
647,REDMI,Sea Blue,64,4.2,6.53,5000,"₹10,990"
648,OPPO,White,64,4.2,6.52,4230,"₹13,500"
649,realme,Mystic Black,128,4.2,6.55,4500,"₹29,999"
650,realme,Flash Blue,128,4.1,6.6,5000,"₹11,190"
651,Mi,Jazz Blue,128,4.2,6.55,4250,"₹17,499"
652,OPPO,Glowing Gold,128,4.4,6.43,5000,"₹19,990"
653,Redmi,Astral White,64,4.2,6.5,6000,"₹11,989"
654,SAMSUNG,Blue,128,4.2,6.6,5000,"₹16,999"
655,LAVA,Glass Blue,128,,6.5,5000,"₹10,499"
656,OPPO,Midnight Black,128,4.3,6.7,4800,"₹29,999"
657,REDMI,SLATE GREY,128,4,6.53,5000,"₹10,999"
658,OPPO,Sunrise Gold,128,4.3,6.7,4800,"₹29,999"
659,SAMSUNG,Sky Blue,64,4.3,6.515,6000,"₹10,499"
660,Mi,Lunar Silver,128,4.1,6.67,5000,"₹23,990"
661,POCO,Cool Blue,128,4.3,6.43,5000,"₹16,499"
662,IQOO,Raven Black,128,4.2,6.44,5000,"₹14,999"
663,REDMI,Space Blue,64,4.4,6.53,5020,"₹11,480"
664,REDMI,Dark Night,128,4.3,6.67,5020,"₹17,999"
665,REDMI,Chromium White,64,4.3,6.56,5000,"₹14,999"
666,OPPO,Blue,128,4.1,6.56,5000,"₹19,000"
667,Tecno,Sprint Blue,128,3.9,6.8,6000,"₹15,499"
668,SAMSUNG,Cloud Navy,128,4,6.5,4500,"₹26,990"
669,OPPO,Startrails Blue,256,4.2,6.43,4500,"₹29,980"
670,SAMSUNG,Stardust Brown,128,4.2,6.6,6000,"₹12,894"
671,realme,Hyper Black,128,4.1,6.4,5000,"₹21,495"
672,SAMSUNG,Awesome Blue,128,4.3,6.5,4500,"₹28,990"
673,REDMI,Dark Night,128,4.3,6.67,5020,"₹17,999"
674,APPLE,Green,64,4.6,6.1,,"₹53,999"
675,vivo,Elegant Black,128,,6.44,4500,"₹25,390"
676,OPPO,Starry Black,256,4.2,6.43,4500,"₹31,999"
677,SAMSUNG,Cloud Navy,128,4,6.5,4500,"₹26,990"
678,SAMSUNG,Peach,128,4.2,6.6,5000,"₹17,499"
679,realme,Oxygen Green,64,4.4,6.5,6000,"₹11,890"
680,SAMSUNG,Light Green,64,4.1,6.6,5000,"₹15,999"
681,REDMI,Midnight Black,128,4.2,6.7,6000,"₹10,999"
682,Infinix,Celestial Snow,128,4.2,6.7,5000,"₹16,999"
683,REDMI,Lavender Purple,6,3.3,6.71,5000,"₹11,620"
684,Infinix,Glacier Green,128,4.2,6.7,5000,"₹16,999"
685,APPLE,Silver,128,4.7,6.7,,"₹1,27,999"
686,Mi,Lunar White,128,4.2,6.67,4520,"₹23,999"
687,Mi,Celestial Silver,128,4.2,6.67,4520,"₹23,999"
688,Tecno,Starry Black,8,4.1,6.8,5000,"₹12,960"
689,Infinix,Graphite Black,64,4.3,6.7,5000,"₹12,499"
690,Infinix,Glacier Green,64,4.3,6.7,5000,"₹12,499"
691,Infinix,Celestial Snow,64,4.3,6.7,5000,"₹12,499"
692,Xiaomi,Purple Mist,128,4.2,6.67,5160,"₹26,999"
693,realme,Speed Blue,64,4.4,6.6,5000,"₹13,490"
694,realme,Speed Black,64,4.4,6.6,5000,"₹13,490"
695,SAMSUNG,Mystique Green,128,3.7,6.7,5000,"₹26,999"
696,APPLE,Silver,128,4.7,6.7,,"₹1,27,999"
697,Mi,Cosmic Black,128,4.2,6.67,4520,"₹23,999"
698,Nokia,Mint,128,3.7,6.517,5000,"₹10,024"
699,vivo,sailing blue,128,4.3,6.56,4830,"₹29,000"
700,APPLE,White,64,4.6,6.1,,"₹53,999"
701,Mi,Celestial Silver,128,4.2,6.67,4520,"₹22,499"
702,Mi,Cosmic Black,128,4.2,6.67,4520,"₹23,999"
703,SAMSUNG,Light Blue,128,4.1,6.6,5000,"₹21,999"
704,SAMSUNG,Blue,128,4.3,6.6,5000,"₹19,990"
705,Tecno,Meta Black,128,4.2,6.6,5000,"₹15,000"
706,realme,Oxygen Green,64,4.4,6.5,6000,"₹11,890"
707,SAMSUNG,Green,128,4,6.5,5000,"₹12,999"
708,realme,Speed Blue,64,4.4,6.6,5000,"₹13,490"
709,realme,Speed Black,64,4.4,6.6,5000,"₹13,490"
710,Infinix,Polar Black,64,4.3,6.78,5000,"₹10,999"
711,IQOO,Cyber Rage,128,4.4,6.62,4700,"₹27,690"
712,OPPO,Glowing Black,128,4.1,6.56,5000,"₹18,499"
713,vivo,Pure Black,128,3.8,6.56,4830,"₹29,490"
714,vivo,Mirror Black,128,4.4,6.58,5000,"₹18,780"
715,realme,Cyber Black,128,4.4,6.4,5000,"₹15,499"
716,realme,Cyber Silver,128,4.4,6.4,5000,"₹15,499"
717,vivo,Obsidian Black,64,4.3,6.51,5000,"₹14,999"
718,realme,Glowing Black,128,4.4,6.6,5000,"₹10,699"
719,SAMSUNG,Peach,128,4.2,6.6,5000,"₹17,499"
720,REDMI,Mint Green,128,4.2,6.56,5000,"₹16,999"
721,SAMSUNG,Light Green,64,4.1,6.6,5000,"₹15,999"
722,Redmi,Champagne Gold,128,4.3,6.67,5020,"₹15,499"
723,APPLE,Deep Purple,256,4.7,6.1,,"₹1,30,999"
724,REDMI,Midnight Black,128,4.2,6.7,6000,"₹10,999"
725,vivo,Diamond Glow,64,4.3,6.51,5000,"₹13,690"
726,SAMSUNG,Awesome Graphite,128,4.2,6.6,5000,"₹30,999"
727,SAMSUNG,Awesome Graphite,128,4.2,6.4,5000,"₹38,999"
728,POCO,Phoenix Red,256,4.5,6.67,4500,"₹18,490"
729,APPLE,Red,64,4.6,6.1,,"₹53,999"
730,POCO,Phoenix Red,64,4.5,6.67,4500,"₹15,490"
731,realme,Midnight Black,256,4.4,6.4,4500,"₹25,999"
732,SAMSUNG,Awesome Blue,128,4.3,6.5,4500,"₹28,990"
733,realme,Cyber Black,128,4.4,6.4,5000,"₹14,499"
734,REDMI,Matte Black,128,4.4,6.53,5000,"₹12,990"
735,REDMI,Frost White,128,4.4,6.43,5000,"₹16,499"
736,REDMI,Interstellar Black,64,4.4,6.67,5020,"₹15,990"
737,Tecno,Meta Blue,64,4.3,6.6,50000,"₹12,227"
738,Nokia,Blue,64,3.7,6.517,5000,"₹10,990"
739,REDMI,Matte Black,6,3.3,6.71,5000,"₹11,498"
740,SAMSUNG,White,64,4.2,6.5,6000,"₹11,444"
741,APPLE,Midnight,128,4.3,4.7,,"₹37,999"
742,REDMI,Caribbean Green,64,4.3,6.71,6000,"₹10,499"
743,POCO,Atlantis Blue,64,4.5,6.67,4500,"₹17,999"
744,REDMI,Stardust White,128,4.2,6.6,5000,"₹17,999"
745,APPLE,Starlight,256,4.7,6.1,,"₹69,999"
746,SAMSUNG,Mystique Green,128,4.2,6.59,6000,"₹16,499"
747,REDMI,Glacier White,128,4.3,6.67,5020,"₹13,790"
748,POCO,Cool Blue,128,4.2,6.6,5000,"₹16,999"
749,REDMI,SEA BLUE,128,4,6.53,5000,"₹10,999"
750,POCO,,64,4.3,6.67,5000,"₹16,999"
751,SAMSUNG,Aqua Green,128,4.2,6.6,6000,"₹13,999"
752,APPLE,Purple,256,4.7,6.7,,"₹86,999"
753,Redmi,Dark Grey,64,4.4,5.99,3080,"₹13,600"
754,OnePlus,Eternal Green,128,4.4,6.7,5000,"₹54,729"
755,SAMSUNG,Cloud Navy,128,4.2,6.5,4500,"₹28,483"
756,APPLE,Midnight,256,4.7,6.1,,"₹69,999"
757,POCO,Laser Blue,128,4.2,6.67,5000,"₹19,999"
758,REDMI,Matte Black,128,4.4,6.53,5000,"₹12,990"
759,realme,Luna White,256,4.3,6.43,4300,"₹24,999"
760,Mi,Cosmic Black,128,4,6.67,4520,"₹25,699"
761,Mi,Lunar White,128,4,6.67,4520,"₹25,699"
762,APPLE,Green,256,4.7,6.1,,"₹69,999"
763,SAMSUNG,Copper,128,4.1,6.5,5000,"₹11,149"
764,Redmi,Interstellar Black,128,4.3,6.67,5020,"₹15,990"
765,Redmi,Aurora Blue,128,4.3,6.67,5020,"₹15,999"
766,Tecno,Meta Blue,128,4.2,6.6,5000,"₹13,898"
767,Tecno,Meta White,128,4.2,6.6,5000,"₹13,766"
768,SAMSUNG,Awesome Silver,128,4.2,6.6,5000,"₹30,999"
769,REDMI,Coral Green,128,4.2,6.53,5000,"₹10,356"
770,SAMSUNG,Copper,128,4,6.5,5000,"₹12,999"
771,Panasonic,Champagne Gold,32,3.6,5.5,5000,"₹13,990"
772,OnePlus,Gray Shadow,128,4.4,6.7,4500,"₹28,994"
773,POCO,Matrix Purple,64,4.5,6.67,4500,"₹17,999"
774,vivo,Wave Green,64,4.2,6.51,5000,"₹11,499"
775,OPPO,Starry Black,128,4.3,6.59,5000,"₹18,999"
776,SAMSUNG,Cream,512,4.5,6.6,4700,"₹1,04,999"
777,vivo,Midnight Galaxy,128,4.4,6.44,5000,"₹19,999"
778,SAMSUNG,Cloud Mint,128,4,6.5,4500,"₹26,845"
779,Redmi,Astral White,64,4.2,6.5,6000,"₹12,000"
780,REDMI,Metallic Blue,128,4.2,6.56,5000,"₹16,990"
781,SAMSUNG,Black,32,4.1,6.5,5000,"₹10,400"
782,Google,Clearly White,64,4.5,5.6,3000,"₹17,499"
783,realme,Supersonic Blue,128,4.3,6.5,5000,"₹16,499"
784,REDMI,Starburst White,64,4.2,6.43,5000,"₹15,740"
785,SAMSUNG,Awesome Blue,128,4.1,6.4,5000,"₹29,999"
786,OnePlus,Lunar Silver,128,4.4,6.55,4500,"₹29,990"
787,SAMSUNG,Black,128,4.3,6.6,5000,"₹19,999"
788,SAMSUNG,,128,4,6.7,5000,"₹29,980"
789,realme,Luna White,128,4.3,6.43,4300,"₹22,999"
790,OnePlus,Silver Ray,256,4.1,6.43,4500,"₹27,990"
791,OPPO,Ice Blue,256,4.3,6.7,5000,"₹32,999"
792,Redmi,Aurora Blue,128,4.3,6.67,5020,"₹15,999"
793,Redmi,Glacier White,128,4.3,6.67,5020,"₹15,999"
794,APPLE,Yellow,512,4.7,6.7,,"₹1,06,999"
795,OPPO,Starry Black,256,4.2,6.43,4500,"₹31,999"
796,POCO,Laser Blue,128,4.2,6.67,5000,"₹19,999"
797,POCO,,64,4.3,6.67,5000,"₹16,999"
798,OPPO,Ice Blue,256,4.3,6.7,5000,"₹32,999"
799,Infinix,Cosmic Black,128,4.2,6.78,5000,"₹19,999"
800,vivo,Midnight Blue,64,4.3,6.51,5000,"₹13,990"
801,REDMI,CHARCOAL BLACK,128,4.1,6.53,5000,"₹11,999"
802,IQOO,Chromatic Blue,128,4.2,6.58,5000,"₹17,499"
803,vivo,Midnight Blue,64,4.3,6.51,5000,"₹13,980"
804,REDMI,Matte black,128,4.2,6.6,5000,"₹19,470"
805,REDMI,Coral Green,128,4.2,6.53,5000,"₹10,356"
806,REDMI,Vintage Bronze,64,4.3,6.67,5020,"₹15,990"
807,SAMSUNG,,128,4,6.7,5000,"₹29,980"
808,REDMI,Stardust White,128,4.2,6.6,5000,"₹20,990"
809,SAMSUNG,Awesome Silver,128,4.2,6.6,5000,"₹30,999"
810,OnePlus,Eternal Green,128,4.4,6.7,5000,"₹54,729"
811,SAMSUNG,Awesome Violet,256,4.2,6.4,5000,"₹40,999"
812,realme,Lightning Orange,64,4.4,6.6,4300,"₹17,999"
813,Mi,Tuscany Coral,128,4.2,6.55,4250,"₹18,900"
814,SAMSUNG,Cloud Navy,128,4.2,6.5,4500,"₹28,483"
815,OnePlus,Speed Orange,256,5,6.41,3300,"₹26,990"
816,POCO,Cool Blue,128,4.2,6.6,5000,"₹16,999"
817,SAMSUNG,Cloud Navy,128,4.2,6.5,4500,"₹28,483"
818,OnePlus,Speed Orange,256,5,6.41,3300,"₹26,990"
819,Redmi,Sky Blue,64,4.2,6.53,5000,"₹10,190"
820,REDMI,Starburst White,64,4.2,6.43,5000,"₹15,740"
821,Pluzz,Lumina Blue,256,3.2,6.3,4150,"₹12,990"
822,Pluzz,Lumina Blue,128,3.2,6.3,4150,"₹12,990"
823,Pluzz,Glitter Blue,256,3.2,6.3,4150,"₹12,990"
824,REDMI,SEA BLUE,128,4,6.53,5000,"₹10,999"
825,REDMI,Sea Blue,32,4.1,6.53,5000,"₹10,499"
826,Tecno,Obsidian Black,128,4.1,6.8,6000,"₹10,999"
827,SAMSUNG,Denim Black,128,4.3,6.4,6000,"₹13,499"
828,OnePlus,Sonic Black,128,4.5,6.7,5000,"₹39,840"
829,Nokia,Beach pink,128,3.7,6.52,5000,"₹10,199"
830,REDMI,Royal Blue,64,4.2,6.71,5000,"₹10,998"
831,SAMSUNG,Arctic blue,64,4.2,6.4,6000,"₹13,190"
832,IQOO,Norway Blue,128,4.4,6.38,4500,"₹19,999"
833,Redmi,Bifrost Blue,64,4.2,6.5,6000,"₹11,990"
834,vivo,Purist Blue,64,4.3,6.51,5000,"₹15,990"
835,SAMSUNG,Copper,128,4,6.5,5000,"₹12,999"
836,OnePlus,Jade Green,256,4.2,6.7,4800,"₹48,990"
837,IQOO,Mystic Night,64,4.4,6.68,5000,"₹14,499"
838,APPLE,Starlight,512,4.6,6.1,,"₹98,999"
839,POCO,Matrix Purple,64,4.5,6.67,4500,"₹17,999"
840,IQOO,Norway Blue,128,4.4,6.38,4500,"₹19,999"
841,Nokia,Charcoal GREY,64,4,6.39,4000,"₹13,999"
842,Tecno,Mondrian,128,4,6.8,5000,"₹15,999"
843,SAMSUNG,Copper,128,4,6.5,5000,"₹12,999"
844,REDMI,Charcoal Black,64,4.2,6.53,5000,"₹10,500"
845,REDMI,Slate grey,64,4.2,6.53,5000,"₹10,359"
846,IQOO,Norway Blue,128,3.8,6.38,4500,"₹23,990"
847,OnePlus,Sierra Black,128,4.3,6.7,5000,"₹30,330"
848,vivo,Gravity Black,128,4.4,6.58,5000,"₹17,999"
849,Tecno,Meta Blue,64,4.3,6.6,50000,"₹12,227"
850,OnePlus,Prime Blue,128,4.3,6.7,5000,"₹31,000"
851,REDMI,Aurora Blue,128,4.3,6.67,5020,"₹13,499"
852,REDMI,Interstellar Black,128,4.3,6.67,5020,"₹14,290"
853,REDMI,Champagne Gold,128,4.3,6.67,5020,"₹14,190"
854,vivo,Gravity Black,128,4.5,6.58,5000,"₹16,990"
855,SAMSUNG,Awesome Lime,128,4.2,6.4,5000,"₹38,999"
856,Redmi,Sky Blue,64,4.2,6.53,5000,"₹10,190"
857,Nokia,Beach pink,128,3.7,6.52,5000,"₹10,199"
858,REDMI,Mint Green,6,3.3,6.71,5000,"₹10,700"
859,vivo,Space Blue,128,4.5,6.58,5000,"₹16,990"
860,vivo,Rainbow Fantasy,128,4.3,6.58,5000,"₹17,990"
861,vivo,Starlight Black,128,4.3,6.58,5000,"₹17,900"
862,OnePlus,Moonstone Black,256,4.2,6.7,4800,"₹48,980"
863,SAMSUNG,Black,64,4.2,6.4,6000,"₹13,490"
864,REDMI,Charcoal Black,32,4.1,6.53,5000,"₹10,999"
865,Infinix,,64,4.2,6.95,5000,"₹10,999"
866,GIONEE,Black,32,4,5.7,3030,"₹15,490"
867,SAMSUNG,Lavender,128,4.5,6.1,3900,"₹74,999"
868,APPLE,Silver,256,4.7,6.7,,"₹1,37,999"
869,realme,Cross Black,64,4.4,6.5,5000,"₹10,499"
870,OnePlus,Forest Green,256,4.2,6.7,5000,"₹36,990"
871,OPPO,Rainbow Blue,64,4.3,6.51,5000,"₹14,799"
872,IQOO,Norway Blue,128,3.8,6.38,4500,"₹23,990"
873,SAMSUNG,Phantom Black,128,4.3,6.1,3700,"₹51,499"
874,Xiaomi,Vinyl Black,128,4.2,6.55,4250,"₹20,980"
875,Tecno,Stardust Grey,256,3.6,6.8,5160,"₹35,990"
876,OnePlus,Titan Black,128,4.4,6.7,5000,"₹55,500"
877,vivo,Elegant Black,32,4.2,6.51,5000,"₹12,999"
878,APPLE,,512,4.7,6.1,,"₹89,999"
879,OPPO,glowing green,64,4.4,6.56,5000,"₹13,180"
880,IQOO,Mystic Night,128,4.2,6.68,5000,"₹15,999"
881,OPPO,Shimmer Gold,128,4.3,6.43,4500,"₹29,999"
882,IQOO,Pacific Night,128,3.8,6.38,4500,"₹23,999"
883,SAMSUNG,Awesome Graphite,128,4.3,6.6,5000,"₹28,999"
884,OnePlus,Sierra Black,256,4.2,6.7,5000,"₹36,990"
885,OPPO,Starry Black,128,4.3,6.59,5000,"₹18,999"
886,SAMSUNG,Onyx,32,4.1,6.5,5000,"₹10,499"
887,vivo,Gravity Black,128,4.4,6.58,5000,"₹17,999"
888,vivo,Space Blue,128,4.5,6.58,5000,"₹16,990"
889,vivo,Gravity Black,128,4.5,6.58,5000,"₹16,990"
890,Redmi,Black,64,4.4,5.99,4000,"₹11,999"
891,vivo,Rainbow Fantasy,128,4.3,6.58,5000,"₹17,990"
892,vivo,Starlight Black,128,4.3,6.58,5000,"₹17,900"
893,REDMI,Aquamarine Blue,128,4.2,6.6,5000,"₹21,290"
894,REDMI,Charcoal Black,64,4.2,6.53,5000,"₹10,500"
895,REDMI,Slate grey,64,4.2,6.53,5000,"₹10,359"
896,Nokia,,64,4.1,6.5,5050,"₹10,499"
897,vivo,Asteroid Black,256,4.3,6.78,4810,"₹63,999"
898,vivo,Breeze Blue,256,4.3,6.78,4810,"₹63,999"
899,OPPO,Starlight Black,128,4.1,6.43,4500,"₹21,499"
900,SAMSUNG,Graphite,256,3.7,6.7,3700,"₹94,999"
901,MOTOROLA,Charcoal Grey,64,4.2,6.6,5000,"₹11,249"
902,MOTOROLA,Mint Green,64,3.8,6.5,5000,"₹11,099"
903,APPLE,White,256,4.5,4.7,,"₹40,990"
904,SAMSUNG,Black,64,4.2,6.4,6000,"₹14,790"
905,Pluzz,Lumina Blue,256,,6.3,4150,"₹12,990"
906,OnePlus,Sierra Black,128,4.3,6.7,5000,"₹30,330"
907,OnePlus,Forest Green,256,4.1,6.7,5000,"₹35,499"
908,REDMI,Champagne Gold,64,4.4,6.67,5020,"₹15,990"
909,Xiaomi,Purple Mist,128,4.2,6.67,4500,"₹23,999"
910,Redmi,Aurora Blue,128,4.3,6.67,5020,"₹16,990"
911,vivo,Midnight Blue,128,4.2,6.44,4050,"₹23,999"
912,Nokia,Charcoal,64,3.5,6.74,5050,"₹10,499"
913,vivo,Legendary Black,256,4.4,6.78,4870,"₹84,999"
914,Nokia,Polar Night,64,3.9,6.39,4000,"₹16,799"
915,POCO,,64,4.4,6.67,5000,"₹17,999"
916,Tecno,Meta Black,4,4.3,5.56,5000,"₹14,990"
917,SAMSUNG,Awesome Peach,128,4.1,6.5,5000,"₹33,000"
918,realme,Glacier Blue,64,4.5,6.5,5000,"₹10,999"
919,APPLE,Purple,64,4.6,6.1,,"₹41,999"
920,SAMSUNG,,128,4.2,6.6,6000,"₹16,142"
921,SAMSUNG,Orange,128,4.1,6.6,5000,"₹21,999"
922,SAMSUNG,Green,256,4.5,6.1,3900,"₹79,999"
923,vivo,Stardust Black,256,4.3,6.44,4200,"₹28,299"
924,POCO,Yellow,128,4.2,6.6,5000,"₹16,999"
925,SAMSUNG,Awesome Lime,128,4.2,6.4,5000,"₹38,999"
926,OnePlus,Lunar Silver,128,4.4,6.55,4500,"₹29,990"
927,realme,,128,,6.7,5000,"₹25,656"
928,IQOO,Pacific Night,128,4.3,6.38,4500,"₹21,990"
929,vivo,Diamond Glow,128,4.4,6.58,5000,"₹17,990"
930,IQOO,Norway Blue,128,4.3,6.38,4500,"₹21,990"
931,OPPO,Moonlit Purple,256,4.2,6.8,4300,"₹89,999"
932,SAMSUNG,Black,,,6.2,4400,"₹1,84,999"
933,vivo,Steller Black,64,4.3,6.51,5000,"₹11,999"
934,realme,Feather Black,128,4.2,6.74,5000,"₹12,999"
935,APPLE,Blue,512,4.6,6.1,,"₹98,999"
936,OPPO,,256,4.3,6.7,4500,"₹45,999"
937,SAMSUNG,Awesome Violet,128,4.3,6.6,5000,"₹28,999"
938,vivo,Sunset Dazzle,256,4.3,6.44,4000,"₹27,490"
939,Nokia,Grey,64,3.7,6.517,5000,"₹10,399"
940,vivo,Dusk Blue,256,4.3,6.44,4000,"₹27,450"
941,POCO,Power Black,128,4.3,6.43,5000,"₹16,499"
942,Xiaomi,Vinyl Black,128,4.2,6.55,4250,"₹20,980"
943,OnePlus,Blue Void,256,4.1,6.43,4500,"₹27,999"
944,realme,,128,,6.7,5000,"₹25,656"
945,SAMSUNG,Black,,,6.2,4400,"₹1,84,999"
946,vivo,Stardust Black,256,4.3,6.44,4200,"₹28,299"
947,realme,Glacier Blue,256,4.3,6.57,4200,"₹31,999"
948,realme,Feather Black,128,,6.74,5000,"₹12,999"
949,SAMSUNG,Ocean Blue,64,4.3,6.4,6000,"₹18,999"
950,realme,Arctic White,256,4.2,6.57,4200,"₹34,999"
951,vivo,Dark Pearl,128,4.3,6.44,4000,"₹24,990"
952,OnePlus,Speed Orange,256,5,6.41,3300,"₹26,990"
953,SAMSUNG,Copper,64,4.1,6.5,5000,"₹11,399"
954,realme,Drifting White,128,4.3,6.62,5000,"₹36,999"
955,SAMSUNG,Prism Silver,128,,6.5,6000,"₹19,900"
956,OPPO,Sunset Orange,64,,6.56,5000,"₹14,980"
957,OnePlus,Forest Green,256,4.1,6.7,5000,"₹35,499"
958,APPLE,Starlight,512,4.7,6.1,,"₹89,999"
959,realme,Mars Orange,256,,6.7,5000,"₹28,762"
